Abronia fragrans                                                |Sand-Verbena, Prairie Snowball                                  
Acer glabrum                                                    |Rocky Mountain Maple                                            
Acer grandidentatum                                             |Wasatch Maple                                                   
Achillea lanulosa                                               |Yarrow, Bone Set                                                
Aconitum columbianum (dormant)                                  |Native Monkshood                                                
Agastache barbari                                               |Barbari's Agastache                                             
Agastache cana                                                  |Double Bubblemint                                               
Agastache urticifolia                                           |Horse Nettle, Nettle-leaf Hyssop                                
Agave neomexicana                                               |New Mexican Century-Plant                                       
Albizia julibrissin                                             |Silk-tree, Mimosa                                               
Allium cernuum                                                  |Nodding Onion                                                   
Alnus tenuifolia                                                |Thinleaf Alder                                                  
Amelanchier alnifolia                                           |Saskatoon Serviceberry                                          
Amelanchier utahensis                                           |Utah Serviceberry                                               
Amorpha canescens                                               |Leadplant                                                       
Amorpha fruticosa                                               |False Indigo                                                    
Amorpha nana                                                    |Dwarf indigo                                                    
Amsonia Jonesii                                                 |Jones'  Bluestar                                                
Anaphalis margaritacea                                          |Pearly Everlasting                                              
Andropogon gerardii                                             |Big Bluestem, Turkeyfoot                                        
Andropogon scoparius 'Blaze' (Schizachrium s.)                  |Little Bluestem                                                 
Androsace septentrionalis - annual                              |Rock Primrose                                                   
Anemone canadensis                                              |Meadow Anemone                                                  
Anemone cylindrica                                              |Cylindrical Windflower                                          
Anemone multifida                                               |Cutleaf Anemone, Globeflower                                    
Anemone patens (Pulsatilla p.)                                  |Pasque Flower                                                   
Antennaria dioica (A.umbrinella)                                |Mountain Pussytoes                                              
Antennaria parvifolia                                           |Mountain Pussytoes                                              
Antennaria p.'Titter Tat'                                       |'Titter Tat' Pussytoes                                          
Antennaria rosea                                                |Pink Pussytoes, Pink Ladies Tobacco                             
Aquilegia caerulea                                              |Rocky Mountain Columbine                                        
Aquilegia chrysantha                                            |Golden Columbine                                                
Arctostaphylos 'Bad Boy'                                        |'Bad Boy' Manzanita                                             
Arctostaphylos 'GreenJazz'                                      |'Green Jazz' Manzanita                                          
Arctostaphylos 'Lost Arrow'                                     |'Lost Arrow' Manzanita                                          
Arctostaphylos 'Mock Bearberry'                                 |Mock Bearberry Manzanita                                        
Arctostaphylos n. 'Cascade'                                     |Cascade Pine-Mat                                                
Arctostaphylos nevadensis                                       |Pine-Mat                                                        
Arctostaphylos patula                                           |Greenleaf Manzanita                                             
Arctostaphylos Pringlei                                         |Pringlei's Greenleaf Manzanita                                  
Arctostaphylos pungens                                          |Pointleaf Manzanita                                             
Arctostaphylos uva-ursi                                         |Kinnikinnick, Bearberry                                         
Arctostaphylos 'Zorra'                                          |'Zorra' Manzanita                                               
Arenaria hookeri                                                |Hooker's Sandwort                                               
Argemone polyanthemos                                           |Prickly Poppy                                                   
Aristida purpurea                                               |Three Awn Grass                                                 
Arnica cordifolia                                               |Heartleaf Arnica                                                
Artemisia cana                                                  |Silver Sagebrush                                                
Artemisia dracunculus                                           |Wild Tarragon                                                   
Artemisia filifolia                                             |Sand Sagebrush                                                  
Artemisia frigida                                               |Fringed Sagebrush, Prairie Sagewort                             
Artemisia ludoviciana                                           |Louisiana Sage                                                  
Artemisia nova                                                  |Black Sagebrush                                                 
Artemisia tridentata tridentata                                 |Tall Western Sagebrush                                          
Artemisia tridentata vaseyana                                   |Mountain Big Sagebrush                                          
Artemisia tridentata wyomingensis                               |Wyoming Sagebrush                                               
Asclepias asperula                                              |Rough Milkweed                                                  
Asclepias speciosa                                              |Showy Milkweed                                                  
Asclepias tuberosa                                              |Butterfly Weed, Gay Butterflies                                 
Asclepias undulata                                              |Wavy Butterfly Weed                                             
Asclpeias incarnata                                             |Pink Butterfly Weed                                             
Aster laevis                                                    |Smooth Aster                                                    
Aster porteri                                                   |Porter's Aster                                                  
Astragalus crassicarpus                                         |Ground-plum                                                     
Astragalus drummondii                                           |Drummond's Milkvetch                                            
Astragalus multiceps 'Bonney Park'                              |Bonney Park Astragalus                                          
Atriplex canescens                                              |Four-wing Saltbush                                              
Atriplex confertifolia                                          |Shadscale Saltbush                                              
Atriplex corrugata                                              |Mat Saltbush, Mancos Saltbush                                   
Atriplex Gardnerii                                              |Gardner's Saltbush                                              
Atriplex Nuttallii cuneata                                      |Nuttall's Wedged Saltbush                                       
Bahia dissecta (annual)                                         |Bahia                                                           
Baileya multiradiata (annual)                                   |Desert Marigold                                                 
Balsamorhiza sagittata                                          |Balsam-root                                                     
Baptisia australis                                              |Wild Blue Indigo                                                
Berlandiera lyrata                                              |Chocolate Flower, Green-eyes                                    
Betula fontinalis                                               |Native River Birch                                              
Betula glandulosa                                               |Bog Birch                                                       
Brickellia californica                                          |Brickellbush                                                    
Callirhoe involucrata                                           |Poppy Mallow, Wine Cups, Buffalo Rose                           
Calyophus serrulatus                                            |Sundrops, Dainty Sundrops                                       
Campanula rotundifolia                                          |Common Harebell                                                 
Campsis radicans                                                |Scarlet Trumpet Vine                                            
Castilleja chromosa                                             |Desert Paintbrush                                               
Castilleja integra                                              |Orange Indian Paintbrush                                        
Castilleja linariaefolia                                        |Wyoming Paintbrush                                              
Castilleja miniata                                              |Scarlet Paintbrush                                              
Castilleja rhexifolia                                           |Meadow  Paintbrush                                              
Ceanothus Fendlerii                                             |Mountain Lilac, Buckbrush                                       
Ceanothus prostratus                                            |Mahala-mat Ceanothus                                            
Ceanothus velutinus                                             |Snowbrush, Mountain Balm, Sticky-Laurel                         
Celtis reticulata                                               |Hackberry, Nettle Tree                                          
Cerastium arvense                                               |Mouse-ear Chickweed                                             
Ceratoides lanata, (Erotia lanata)                              |Winterfat                                                       
Cercis canadensis                                               |American Redbud, Judas Tree                                     
Cercocarpus intricatus                                          |Little-leaf Mountain-mahogany                                   
Cercocarpus ledifolius                                          |Curl-leaf Mountain-mahogany                                     
Cercocarpus montanus                                            |True Mountain-mahogany                                          
Chamaebatieria millefolium                                      |Fernbush                                                        
Chilopsis linearis                                              |Desert Willow                                                   
Chrysothamnus nauseosus albicaulis                              |Tall Blue Rabbitbrush, White Rabbitbrush                        
Chrysothamnus nauseosus graveolens                              |False Goldenrod, Green Rabbitbrush                              
Chrysothamnus nauseosus nauseosus                               |Dwarf Blue Rabbitbrush                                          
Chrysothamnus Parryi                                            |Parry's Rabbitbrush                                             
Chrysothamnus viscidiflorus                                     |Viscid Rabbitbrush                                              
Cimicifuga racemosa                                             |Black Snakeroot, Black Cohosh                                   
Claytonia megarhiza                                             |Alpine Spring-beauty                                            
Clematis hirsutissima (non vining) note:slow growing            |Sugarbowls, Vase Flower, Granny's Bonnet                        
Clematis ligusticifolia                                         |Western Virgin's Bower, Pipestems, Traveler's Joy               
Cleome lutea (annual)                                           |Golden Bee Plant                                                
Cleome serrulata (annual)                                       |Rocky Mountain Bee Plant, Stinking Clover                       
Colutea aborescens                                              |Bladder Senna                                                   
Coreopsis tinctoria (annual)                                    |Plains Coreopsis                                                
Cornus stolonifera                                              |Redosier Dogwood                                                
Cowania mexicana                                                |Cliffrose                                                       
Crataegus ambigua(NN)                                           |Russian Hawthorn                                                
Crataegus chrysocarpa                                           |Yellow Hawthorn                                                 
Crataegus Douglasii                                             |Douglas' Hawthorn                                               
Crataegus erythropoda                                           |Red-stemmed Hawthorn                                            
Crataegus Saligna                                               |Willow Hawthorn                                                 
Cryptantha virgata (biennial)                                   |Miners Candle                                                   
Cucurbita foetidissima                                          |Wild Gourd, Calabazilla, Stinking Pumpkin                       
Cupressus arizonica var. glabra                                 |Arizona Rough-barked Cypress                                    
Dalea purpurea                                                  |Purple Prairie Clover                                           
Datura meteloides (annual)                                      |Jimson Weed                                                     
Delphinium Geyeri                                               |Geyer's Larkspur                                                
Delphinium occidentale                                          |Western Larkspur                                                
Digitalis ferruginea (NN)                                       |Rusty Foxglove                                                  
Digitalis obscura (NN)                                          |Willow-leaved Foxglove                                          
Dodecatheon pulchellum                                          |Shooting Star                                                   
Dryas octopetala                                                |Mountain Avens                                                  
Echinacea angustifolia                                          |Purple Coneflower                                               
Echinocystis  lobata                                            |Wild Cucumber                                                   
Elaeagnus commutata                                             |Silverberry                                                     
Encelia farinosa                                                |Brittlebrush, Incienso                                          
Encelliopsis nudicaulis                                         |Sunray                                                          
Ephedra americana (NN)                                          |South American Jointfir                                         
Ephedra nevadensis                                              |Jointfir, Mormon Tea                                            
Ephedra viridis                                                 |Green Ephedra                                                   
Epilobium angustifolium                                         |Fireweed, Willow-herb                                           
Epilobium latifolium                                            |Dwarf Fireweed, Red Willow-herb                                 
Eragrostis trichodes                                            |Sand Lovegrass                                                  
Erigeron compositus                                             |Fern-leaf Daisy                                                 
Erigeron compositus - Purple                                    |Tufted Purple Daisy                                             
Erigeron divergens                                              |Spreading Fleabane                                              
Erigeron flagellaris                                            |Trailing Fleabane                                               
Erigeron sp.'Bald Mountain'                                     |'Bald Mountain' Fleabane                                        
Erigeron  speciosus                                             |Aspen Daisy, Showy Fleabane                                     
Erigeron vetensis                                               |La Veta Daisy                                                   
Eriogonum alatum                                                |Winged Eriogonum                                                
Eriogonum Allenii                                               |Yellow Umbrella Plant                                           
Eriogonum brevicaule (spathulatum)                              |Short-stemmed  Buckwheat                                        
Eriogonum corymbosum                                            |Umbrella Buckwheat                                              
Eriogonum effusum                                               |Prairie Baby's Breath, Bushy Buckwheat                          
Eriogonum flavum                                                |Alpine Sulphur Flower, Yellow Buckwheat                         
Eriogonum heracleoides                                          |Cow Parsnip Buckwheat                                           
Eriogonum inflatum  (annual)                                    |Desert Trumpet                                                  
Eriogonum jamesii                                               |James Buckwheat                                                 
Eriogonum Jamesii flavescens                                    |James'  Yellow Sulphur Flower                                   
Eriogonum niveum                                                |Shrubby Buckwheat, Silver Umbrella Plant                        
Eriogonum ovalifolium                                           |Cushion Buckwheat                                               
Eriogonum racemosum                                             |Redroot Buckwheat                                               
Eriogonum spaerocephalum                                        |unknown                                                         
Eriogonum umbellatum                                            |Sulphur Flower                                                  
Eriogonum u.var.subalpinum/ var.majus                           |Alpine Sulphur Flower                                           
Erysimum asperum (biennial)                                     |Western Wallflower                                              
Erythronium grandiflorum (corm)                                 |Avalanche Lily                                                  
Euphoriba corollata                                             |Tramp's Spurge, Wild Hippo                                      
Eustoma grandiflorum                                            |Prairie Gentian                                                 
Fallugia paradoxa                                               |Apache Plume                                                    
Fendlera rupicola                                               |Cliff Fendlerbush                                               
Forestiera neomexicana                                          |New Mexican Privet                                              
Fragaria virginiana var.glauca                                  |Wild Strawberry                                                 
Fragraria americana 'SangreFria'                                |Sangre Fria Wild Strawberry                                     
Frasera speciosa                                                |Giant Green Gentian                                             
Fraxinus anomola                                                |Single-leaf Ash                                                 
Gaillardia aristata                                             |Native Blanket Flower                                           
Gaillardia pinnatifida                                          |Hopi Blanketflower                                              
Gaillardia pulchella (annual)                                   |Rose-ring Gaillardia, Indian Blanket Flower                     
Gaillardia pulchella 'Loreziana'  (annual)                      |Lorenziana Double Blanket Flower                                
Galium boreale ssp.septentrionale                               |Northern Bedstraw                                               
Garrya Wrightii                                                 |Wright's Silk Tassel Bush                                       
Geranium caespitosum                                            |Wild Geranium                                                   
Geranium richardsonii                                           |Richardson Geranium                                             
Geranium viscosissimum                                          |Sticky Geranium                                                 
Geranuim dalmaticum (NN)                                        |Turkish Geranium                                                
Geum triflorum                                                  |Prairie Smoke, Pink Plumes                                      
Globularia cordifolia (NN)                                      |Globularia, Blue Toes                                           
Grayia spinosa                                                  |Spiny Hopsage                                                   
Grindelia squarrosa (Biennial, s.l.perenn.)                     |Curly-top Gumweed, Gumweed                                      
Gutierrezia sarothrae                                           |Broom Snakeweed                                                 
Haplopappus acaulis                                             |Evergreen Goldenweed                                            
Haplopappus macronema                                           |Cobwebby Goldenbush                                             
Haplopappus spinulosus                                          |Spiny Goldenweed                                                
Harbouria trachypleura                                          |Whisk-broom Parsley                                             
Helianthus Maximiliani                                          |Maximilian Sunflower                                            
Helianthus pumilus                                              |Bush Sunflower                                                  
Heliomeris multiflora (Viguiera multiflora)                     |Sunspots                                                        
Heracleum sphondylium                                           |American Cow Parsnip                                            
Heterotheca fulcrata                                            |Foothills Golden Aster                                          
Heterotheca villosa                                             |Golden Aster                                                    
Heuchera Hallii                                                 |Hall's Alumroot                                                 
Holodiscus discolor                                             |Creambush                                                       
Holodiscus dumosus                                              |Cliff Spirea, Rock Spirea, Ocean Spray                          
Huchera rubescens var.alpicola                                  |unknown                                                         
Humulus lupulus var.neomexicanus                                |Wild Hops                                                       
Hymenoxis grandiflora                                           |Alpine Sunflower, Old Man of the Mountain                       
Iliamna rivularis                                               |Wild Hollyhock, Mountain Hollyhock                              
Ipomea leptophylla                                              |Bush Morning Glory                                              
Ipomopsis aggregata (biennial)                                  |Scarlet Gilia, Skyrocket                                        
Ipomopsis candida (biennial)                                    |Fairy Trumpet, White Gilia                                      
Iris lactea                                                     |unknown                                                         
Iris missouriensis                                              |Blue Flag, Wild Iris                                            
Jamesia americana                                               |Wax Flower                                                      
Juniperus monosperma                                            |One-seed Juniper                                                
Juniperus osteosperma                                           |Utah Juniper                                                    
Knautia macedonica (NN)                                         |Knautia, Burgundy Buttons                                       
Leucelene ericoides                                             |Rose-heath, Pixie Daisy                                         
Lewisia cotyledon                                               |Lewisia                                                         
Liatris punctata                                                |Spotted Gayfeather, Dwarf Gayfeather                            
Linum grandiflorum NN (annual)                                  |Red-Flowering Flax                                              
Linum Lewisii                                                   |Blue Flax, Lewis' Flax                                          
Lithospermum incisum                                            |Narrow-leaved Puccoon                                           
Lithospermum multiflorum                                        |Many-flowered Puccoon                                           
Lonicera involucrata                                            |Black Twinberry, Bush Honeysuckle                               
Lupinus argenteus                                               |Silvery Lupine                                                  
Lupinus sericeus                                                |Silky Lupine                                                    
Lychnis alpina (NN)                                             |Alpine Catchfly                                                 
Lychnis coronaria NN                                            |Rose Campion, Mullein Pink                                      
Lycium pallidum                                                 |Pale Box Thorn, Pale Matrimony Vine                             
Lygodesmia grandiflora                                          |Showy Rushpink                                                  
Lygodesmia juncea                                               |Skeleton-Weed                                                   
Macheranthera Pattersonii                                       |Patterson's Purple Aster                                        
Mahonia Fremontii                                               |Fremont's Mahonia                                               
Mahonia haematocarpa                                            |Redberry Mahonia                                                
Mahonia repens                                                  |Creeping Grape Holly                                            
Melampodium  leucanthemum                                       |Blackfoot Daisy                                                 
Mentzelia decapetala                                            |Blazing Star, Giant Evening Star                                
Mentzelia nuda                                                  |Plains Evening Star, White Evening Star                         
Mertensia ciliata                                               |Chiming Bells, Broad-leaf Bluebells                             
Mimulus guttatus                                                |Common Yellow Monkey-flower                                     
Mimulus Lewisii                                                 |Pink Monkey Flower, Lewis'  Monkey Flower                       
Mirabilis multiflora                                            |Wild Four-O'clock                                               
Monarda fistulosa var.menthifolia                               |Native Beebalm, Horsemint                                       
Monardella odoratissima                                         |Cloverhead Horsemint, White Coyote Mint                         
Nolina Bigelovii  (Carrizoso, NM) - Agave family                |Bigelov's Nolina                                                
Nolina microcarpa - Agave family                                |Sacahuista, Beargrass, Nolina                                   
Oenothera brachycarpa                                           |Yellow Stemless Evening-Primrose, Leatherleaf Evening-Primrose  
Oenothera caespitosa                                            |White Stemless Evening-Primrose, Gumbo Lily                     
Oenothera coronopifolia                                         |Cut-leaf Evening-Primrose                                       
Oenothera longissima                                            |Bridges Evening-Primrose                                        
Oenothera missouriensis                                         |Missouri Evening-Primrose                                       
Oenothera pallida                                               |Pale Evening-Primrose                                           
Oenothera speciosa                                              |Mexican Evening-Primrose                                        
Opuntia aborscens                                               |Candelabra Cactus                                               
Oryzopsis hymenoides                                            |Indian Ricegrass                                                
Oxyria digyna                                                   |Mountain Sorrel                                                 
Oxytropis Lambertii                                             |Lambert's Locoweed                                              
Oxytropis sericea                                               |Woolly Locoweed, Rocky Mountain Locoweed                        
Panicum  virgatum                                               |Switchgrass                                                     
Pathenocissus vitacea/ P. inserta                               |Thicket Creeper, Woodbine                                       
Pedicularis groenlandica                                        |Elephantella                                                    
Penstemon alpinus                                               |Alpine Penstemon                                                
Penstemon ambiguus                                              |Sand Penstemon, Bush Penstemon                                  
Penstemon caespitosus                                           |Mat Penstemon                                                   
Penstemon cardinalis                                            |Cardinal Beardtongue                                            
Penstemon Crandallii                                            |Crandall Penstemon                                              
Penstemon cyananthus                                            |Wasatch Penstemon, Platte River Penstemon                       
Penstemon Eatonii                                               |Eaton's  Firecracker Penstemon                                  
Penstemon fremontii                                             |Fremont Penstemon                                               
Penstemon gracilis                                              |Slender Penstemon                                               
Penstemon grandiflorus                                          |Shell Leaf Penstemon                                            
Penstemon grandiflorus 'Prairie Snow'                           |'Prairie Snow'  Shell-Leaf Penstemon                            
Penstemon hirsutus                                              |Beardtongue                                                     
Penstemon laricifolius ssp.laricifolius                         |Tufted Penstemon                                                
Penstemon linarioides                                           |Colorado Penstemon                                              
Penstemon linarioides ssp coloradoensis                         |Chaparral Penstemon                                             
Penstemon mexicali                                              |Mexicali Penstemon                                              
Penstemon palmeri                                               |Palmer Penstemon                                                
Penstemon pinifolius                                            |Pine-leaf Penstemon                                             
Penstemon pinifolius 'Mersea Yellow'                            |Mersea Yellow Pineleaf Penstemon                                
Penstemon procerus                                              |Small-flowered Penstemon                                        
Penstemon pseudospectabilis                                     |Desert Beardtongue                                              
Penstemon secudiflorus                                          |Sidebells Penstemon, One-Sided Penstemon                        
Penstemon speciosus                                             |Showy Penstemon                                                 
Penstemon sp.'Seiver's'                                         |Seiver's Penstemon /UT                                          
Penstemon strictus                                              |Rocky Mountain Penstemon                                        
Penstemon virens                                                |Blue Mist Penstemon, Foothills Penstemon                        
Penstemon virgatus ssp.asa-grayi                                |Tall Beardtongue                                                
Peraphyllum ramosissimum                                        |Squaw Apple                                                     
Perovskia atriplicifolia  (NN)                                  |Russian Sage                                                    
Phacelia sericea                                                |Purple Fringe                                                   
Philadelphus Lewisii                                            |Lewis' Mockorange                                               
Philadelphus microphyllus                                       |Little-leaf Mockorange                                          
Physaria bellii (cultivated source)                             |Twinpod, Double Bladder-pod                                     
Physocarpus monogynus                                           |Mountain Ninebark                                               
Physocarpus opulifolius 'Luteus'                                |Golden Ninebark                                                 
Potentilla fruticosa                                            |Shrubby Cinquefoil, Yellow Rose                                 
Potentilla hippiana                                             |Woolly Cinquefoil                                               
Potentilla nevadensis                                           |Silver-Mat Cinquefoil                                           
Potentilla pensylvanica                                         |Prairie Cinquefoil                                              
Prunus armeniaca (NN)                                           |Apricot                                                         
Prunus besseyi                                                  |Western Sand Cherry                                             
Prunus fasciculata                                              |Desert Almond, Wild Almond                                      
Prunus fruticosa (NN)                                           |European Dwarf Cherry                                           
Prunus pensylvanica saximontana                                 |Native Pin Cherry                                               
Prunus tenella (NN)                                             |Dwarf Russian Almond                                            
Prunus tomentosa (NN)                                           |Nanking Cherry, Chinese Bush Fruit                              
Prunus virginiana melanocarpa                                   |Native Chokecherry                                              
Psilostrophe Bakeri                                             |Baker's Paperflower                                             
Psilostrophe tagetina                                           |Woolly Paperflower                                              
Ptelea trifoliata                                               |Hoptree                                                         
Purshia tridentata                                              |Antelop Bitterbrush                                             
Quercus Gambelii (seasonal)                                     |Gambel's Oak (in season)                                        
Ratibida columnifera                                            |Yellow Prairie Coneflower                                       
Ratibida columnifera pulcherrima                                |Red Mexican Hat                                                 
Rhus aromatica                                                  |Fragrant Sumac, Polecat Bush                                    
Rhus trilobata                                                  |Three-leaf Sumac, Oak-leaf Sumac                                
Ribes alpinum                                                   |Alpine Currant                                                  
Ribes aureum                                                    |Yellow Flowering Currant                                        
Ribes cereum                                                    |Squaw Currant, Wax Currant                                      
Ribes inerme                                                    |White Stem Currant                                              
Ribes leptanthum                                                |Slender Flowered Currant, Trumpet Gooseberry                    
Ribes montigenum                                                |Gooseberry Currant                                              
Ribes viscossimum                                               |Sticky Currant                                                  
Robinia neomexicana                                             |New Mexican Locust                                              
Rosa glauca (NN)                                                |Red Leaved Rose                                                 
Rosa Woodsii                                                    |Wood's Rose, Native Wild Rose                                   
Rosularia chrysantha                                            |Rosularia                                                       
Rosularia pallida                                               |Rosularia                                                       
Rubus deliciosus                                                |Thimbleberry, Boulder Raspberry                                 
Rubus idaeus ssp.melanolasius                                   |Native Red Raspberry                                            
Rubus parviflorus                                               |Salmonberry, Thimbleberry                                       
Rudbeckia hirta                                                 |Black-eyed Susan                                                
Rudbeckia lacinata                                              |Tall Mountain Cone-flower                                       
Ruellia humilis                                                 |Fringe-leaf Ruellia                                             
Rumex venosus                                                   |Showy Dock                                                      
Salix amygdaloides                                              |Peach-leaf Willow                                               
Salvia argentia (NN)                                            |Silver Sage, Silver Salvia                                      
Salvia azurea var.grandiflora                                   |Blue Sage                                                       
Salvia candidissima (NN)                                        |unknown                                                         
Salvia microstegia                                              |unknown                                                         
Salvia pratensis (NN)                                           |Meadow Clary                                                    
Salvia x superba                                                |Ramona Sage                                                     
Sambucus caerulea                                               |Blue Elderberry                                                 
Sambucus canadensis 'Aurea'                                     |Golden Elder                                                    
Sambucus can.'Laciniata'                                        |Cut-leaf Elder                                                  
Sambucus pubens                                                 |Native Red-Berried Elder                                        
Sapindus Drummondii                                             |Drummond's Soapberry                                            
Sarcobatus vermiculatis                                         |Greasewood                                                      
Scutellaria Brittonii                                           |Skullcap                                                        
Sedum lanceolatum                                               |Stonecrop                                                       
Sedum x 'Vera Jameson' (NN)                                     |Vera Jameson Sedum                                              
Senecio fendleri                                                |Fendler's Senecio                                               
Senecio polygodon ssp.subglaber (NN)                            |Showy Purple Groundsel                                          
Senecio spartioides                                             |Broom Groundsel                                                 
Shepherdia argentea                                             |Silver Buffaloberry                                             
Shepherdia canadensis                                           |Russet Buffaloberry                                             
Shepherdia rotundifolia                                         |Roundleaf Buffaloberry                                          
Silene acaulis                                                  |Cushion Pinks                                                   
Solidego altissima                                              |Tall Goldenrod                                                  
Solidego gigantea                                               |Smooth Goldenrod                                                
Solidego missouriensis                                          |Smooth Goldenrod                                                
Solidego nana                                                   |Dwarf Goldenrod                                                 
Sorbus scopulina                                                |Western Mountain Ash                                            
Stachys coccinea                                                |Scarlet Hedge Nettle                                            
Stanleya pinnata                                                |Prince's Plume                                                  
Stipa comata                                                    |Needle-and-Thread Grass                                         
Stipa tenacissima (NN)                                          |Esparto Grass                                                   
Stipa viridula                                                  |Green Needle-grass                                              
Symphoricarpus oreophilus                                       |Buckbrush, Mountain Snowberry                                   
Talinum calycinum                                               |Flame Flower                                                    
Telesonix jamesii                                               |Telesonix                                                       
Tetradymia canescens                                            |Horsebrush                                                      
Thalictrum fendleri                                             |Fendler Meadowrue                                               
Thelesperma filifolium                                          |Praire Greenthread                                              
Thermopsis divaricarpa                                          |Golden Banner                                                   
Thermopsis montanus                                             |Golden Banner                                                   
Townsendia exscapa                                              |Easter Daisy                                                    
Townsendia grandiflora                                          |Easter Daisy                                                    
Townsendia Hookeri                                              |Hooker's Townsendia                                             
Townsendia Parryi                                               |Parry's Easter Daisy                                            
Townsendia rothrockii (Erigeron)                                |Colorado Alpine Easter Daisy                                    
Tulipia albertii                                                |Alberta Tulip                                                   
Yucca baccata                                                   |Banana Yucca, Broad-leaf Yucca                                  
Yucca elata                                                     |Soap Tree                                                       
Yucca glauca                                                    |Great Plains Yucca, Soapweed                                    
Yucca Harrimaniae                                               |Harriman's Yucca                                                
Zinnia grandiflora                                              |Prairie Zinnia                                                  
